experiment,class,precision,recall,mAP50,mAP50_95
hf_football_3cls_swapped_960,player,0.9304785248145981,0.9721026622030926,0.9724150739453717,0.568008694493767
hf_football_3cls_swapped_960,ball,0.8131423531334391,0.5709828393135725,0.6368388971446599,0.2501666233784669
hf_football_3cls_swapped_960,referee,0.9127344657036355,0.8894536213468869,0.9283882266398047,0.44227464368841146
